form,lemma,source,pos
die,der,kaikki-form-of,article;pron
mir,ich,kaikki-form-of,pron
mich,ich,kaikki-form-of,pron
dem,der,kaikki-form-of,article;pron
kann,können,kaikki-form-of,verb
dich,du,kaikki-form-of,pron
dir,du,kaikki-form-of,pron
uns,wir,kaikki-form-of,pron
diese,dieser,kaikki-form-of,pron
will,wollen,kaikki-form-of,verb
gibt,geben,kaikki-form-of,verb
euch,ihr,kaikki-form-of,pron
dieses,dieser,kaikki-form-of,pron
ihnen,sie,kaikki-form-of,pron
dieser,dieser,kaikki-headword,pron
sagte,sagen,kaikki-form-of,verb
möchte,mögen,kaikki-form-of,verb
kannst,können,kaikki-form-of,verb
ohne,ohne,kaikki-headword,adv;conj;prep
sei,sein,kaikki-form-of,verb
wollte,wollen,kaikki-form-of,verb
mag,mögen,kaikki-form-of,verb
diesem,dieser,kaikki-form-of,pron
willst,wollen,kaikki-form-of,verb
anderen,anderer,kaikki-form-of,adj
diesen,dieser,kaikki-form-of,pron
konnte,können,kaikki-form-of,verb
sollte,sollen,kaikki-form-of,verb
könnte,können,kaikki-form-of,verb
kam,kommen,kaikki-form-of,verb
ging,gehen,kaikki-form-of,verb
seit,seit,kaikki-headword,conj;prep
jeden,jeder,kaikki-form-of,pron
jeder,jeder,kaikki-headword,det;pron
sprache,sprache,kaikki-headword,noun
sah,sehen,kaikki-form-of,verb
tut,tun,kaikki-form-of,verb
sieht,sehen,kaikki-form-of,verb
gab,geben,kaikki-form-of,verb
musst,müssen,kaikki-form-of,verb
fehler,fehler,kaikki-headword,noun
augen,auge,kaikki-form-of,noun
lass,lassen,kaikki-form-of,verb
spricht,sprechen,kaikki-form-of,verb
hilfe,hilfe,kaikki-headword,noun
sollten,sollen,kaikki-form-of,verb
darf,dürfen,kaikki-form-of,verb
dachte,denken,kaikki-form-of,verb
während,während,kaikki-headword,conj;prep
wusste,wissen,kaikki-form-of,verb
kaffee,kaffee,kaikki-headword,noun
hoffe,hoffen,kaikki-form-of,verb
solltest,sollen,kaikki-form-of,verb
geschichte,geschichte,kaikki-headword,noun
katze,katze,kaikki-headword,noun
bett,bett,kaikki-headword,noun
bücher,buch,kaikki-form-of,noun
lehrer,lehren,kaikki-form-of,noun
sag,sagen,kaikki-form-of,verb
gegessen,essen,kaikki-form-of,verb
kennt,kennen,kaikki-form-of,verb
kenne,kennen,kaikki-form-of,verb
nahm,nehmen,kaikki-form-of,verb
machte,machen,kaikki-form-of,verb
mach,machen,kaikki-form-of,verb
lässt,lassen,kaikki-form-of,verb
freundin,freund,kaikki-form-of,noun
eure,euer,kaikki-form-of,det
beiden,beide,kaikki-form-of,det;pron
glaubt,glauben,kaikki-form-of,verb
musste,müssen,kaikki-form-of,verb
bereits,bereits,kaikki-headword,adv
gib,geben,kaikki-form-of,verb
hättest,haben,kaikki-form-of,verb
nächsten,nah,kaikki-form-of,adj
könnten,können,kaikki-form-of,verb
minuten,minute,kaikki-form-of,noun
fragte,fragen,kaikki-form-of,verb
liebt,lieben,kaikki-form-of,verb
besten,gut,kaikki-form-of,adj
würdest,werden,kaikki-form-of,verb
isst,essen,kaikki-form-of,verb
sache,sache,kaikki-headword,noun
möchtest,mögen,kaikki-form-of,verb
glaubst,glauben,kaikki-form-of,verb
könntest,können,kaikki-form-of,verb
jede,jeder,kaikki-form-of,pron
geboren,gebären,kaikki-form-of,verb
hörte,hören,kaikki-form-of,verb
ließ,lassen,kaikki-form-of,verb
eigenen,eigen,kaikki-form-of,adj
wünschte,wünschen,kaikki-form-of,verb
komm,kommen,kaikki-form-of,verb
fährt,fahren,kaikki-form-of,verb
männer,mann,kaikki-form-of,noun
jedes,jeder,kaikki-form-of,pron
siehst,sehen,kaikki-form-of,verb
denkt,denken,kaikki-form-of,verb
fand,finden,kaikki-form-of,verb
sagten,sagen,kaikki-form-of,verb
denkst,denken,kaikki-form-of,verb
hält,halten,kaikki-form-of,verb
wem,wer,kaikki-form-of,pron
welches,welcher,kaikki-form-of,pron
versuchte,versuchen,kaikki-form-of,verb
trägt,tragen,kaikki-form-of,verb
gedanken,gedanke,kaikki-form-of,noun
geh,gehen,kaikki-form-of,verb
sätze,satz,kaikki-form-of,noun
bat,bitten,kaikki-form-of,verb
hielt,halten,kaikki-form-of,verb
nächste,nah,kaikki-form-of,adj
blumen,blume,kaikki-form-of,noun
fühle,fühlen,kaikki-form-of,verb
hände,hand,kaikki-form-of,noun
jedem,jeder,kaikki-form-of,pron
möchten,mögen,kaikki-form-of,verb
hör,hören,kaikki-form-of,verb
name,name,kaikki-headword,noun
verstanden,verstehen,kaikki-form-of,verb
länger,lang,kaikki-form-of,adj
sprach,sprechen,kaikki-form-of,verb
allem,allem,kaikki-headword,pron
fiel,fallen,kaikki-form-of,verb
zog,ziehen,kaikki-form-of,verb
kindern,kind,kaikki-form-of,noun
freude,freude,kaikki-headword,noun
seien,sein,kaikki-form-of,verb
schien,scheinen,kaikki-form-of,verb
nimmt,nehmen,kaikki-form-of,verb
nimm,nehmen,kaikki-form-of,verb
saß,sitzen,kaikki-form-of,verb
größer,groß,kaikki-form-of,adj
kennst,kennen,kaikki-form-of,verb
welcher,welcher,kaikki-headword,det;pron
magst,mögen,kaikki-form-of,verb
starb,sterben,kaikki-form-of,verb
sachen,sache,kaikki-form-of,noun
stellte,stellen,kaikki-form-of,verb
begann,beginnen,kaikki-form-of,verb
größte,groß,kaikki-form-of,adj
wen,wer,kaikki-form-of,pron
hilft,helfen,kaikki-form-of,verb
liest,lesen,kaikki-form-of,verb
wochen,woche,kaikki-form-of,noun
fing,fangen,kaikki-form-of,verb
älter,alt,kaikki-form-of,adj
blieb,bleiben,kaikki-form-of,verb
angekommen,ankommen,kaikki-form-of,verb
freue,freuen,kaikki-form-of,verb
gestohlen,stehlen,kaikki-form-of,verb
läuft,laufen,kaikki-form-of,verb
aufgabe,aufgabe,kaikki-headword,noun
fuhr,fahren,kaikki-form-of,verb
katzen,katze,kaikki-form-of,noun
versprochen,versprechen,kaikki-form-of,verb
gingen,gehen,kaikki-form-of,verb
farbe,farbe,kaikki-headword,noun
wollten,wollen,kaikki-form-of,verb
seele,seele,kaikki-headword,noun
angefangen,anfangen,kaikki-form-of,verb
sprichst,sprechen,kaikki-form-of,verb
setzte,setzen,kaikki-form-of,verb
welchen,welcher,kaikki-form-of,pron
auge,auge,kaikki-headword,noun
politiker,politiker,kaikki-headword,noun
nachbarn,nachbar,kaikki-form-of,noun
solltet,sollen,kaikki-form-of,verb
erinnere,erinnern,kaikki-form-of,verb
tue,tun,kaikki-form-of,verb
gehabt,haben,kaikki-form-of,verb
konnten,können,kaikki-form-of,verb
eigene,eigen,kaikki-form-of,adj
letztes,letzte,kaikki-form-of,adj
kaufte,kaufen,kaikki-form-of,verb
welchem,welcher,kaikki-form-of,pron
legte,legen,kaikki-form-of,verb
schläft,schlafen,kaikki-form-of,verb
eingeladen,einladen,kaikki-form-of,verb
mühe,mühe,kaikki-headword,noun
tust,tun,kaikki-form-of,verb
darfst,dürfen,kaikki-form-of,verb
brille,brille,kaikki-headword,noun
angerufen,anrufen,kaikki-form-of,verb
wörter,wort,kaikki-form-of,noun
solange,solange,kaikki-headword,adv;conj
bekam,bekommen,kaikki-form-of,verb
nase,nase,kaikki-headword,noun
frieden,frieden,kaikki-headword,noun
rief,rufen,kaikki-form-of,verb
messer,messer,kaikki-headword,noun
finger,finger,kaikki-headword,noun
kennengelernt,kennenlernen,kaikki-form-of,verb
äpfel,apfel,kaikki-form-of,noun
lief,laufen,kaikki-form-of,verb
bäume,baum,kaikki-form-of,noun
traf,treffen,kaikki-form-of,verb
wußte,wissen,kaikki-form-of,verb
fühlte,fühlen,kaikki-form-of,verb
stellt,stellen,kaikki-form-of,verb
tu,tun,kaikki-form-of,noun;verb
hättet,haben,kaikki-form-of,verb
leuten,leute,kaikki-form-of,noun
schlug,schlagen,kaikki-form-of,verb
nachts,nachts,kaikki-headword,adv
öffnete,öffnen,kaikki-form-of,verb
vergiss,vergessen,kaikki-form-of,verb
nächstes,nah,kaikki-form-of,adj
gilt,gelten,kaikki-form-of,verb
sahen,sehen,kaikki-form-of,verb
dame,dame,kaikki-headword,noun
herrn,herr,kaikki-form-of,noun
liste,liste,kaikki-headword,noun
brücke,brücke,kaikki-headword,noun
zähne,zahn,kaikki-form-of,noun
erinnert,erinnern,kaikki-form-of,verb
las,lesen,kaikki-form-of,verb
fängt,fangen,kaikki-form-of,verb
zeigte,zeigen,kaikki-form-of,verb
warf,werfen,kaikki-form-of,verb
sieh,sehen,kaikki-form-of,verb
brauchte,brauchen,kaikki-form-of,verb
ideen,idee,kaikki-form-of,noun
gemüse,gemüse,kaikki-headword,noun
fernseher,fernseher,kaikki-headword,noun
hältst,halten,kaikki-form-of,verb
glaubte,glauben,kaikki-form-of,verb
mußt,müssen,kaikki-form-of,verb
papier,papier,kaikki-headword,noun
spielte,spielen,kaikki-form-of,verb
mindestens,mindestens,kaikki-headword,adv
fühlt,fühlen,kaikki-form-of,verb
handelt,handeln,kaikki-form-of,verb
glaubten,glauben,kaikki-form-of,verb
wenigstens,wenigstens,kaikki-headword,adv
wüsste,wissen,kaikki-form-of,verb
müßt,müssen,kaikki-form-of,verb
meinst,meinen,kaikki-form-of,verb
gezogen,ziehen,kaikki-form-of,verb
erzählte,erzählen,kaikki-form-of,verb
geschieht,geschehen,kaikki-form-of,verb
schaute,schauen,kaikki-form-of,verb
verlor,verlieren,kaikki-form-of,verb
half,helfen,kaikki-form-of,verb
aufgehört,aufhören,kaikki-form-of,verb
lebte,leben,kaikki-form-of,verb
weitere,weit,kaikki-form-of,adj
käse,käse,kaikki-headword,noun
meint,meinen,kaikki-form-of,verb
größten,groß,kaikki-form-of,adj
händen,hand,kaikki-form-of,noun
stieg,steigen,kaikki-form-of,verb
meinte,meinen,kaikki-form-of,verb
verließ,verlassen,kaikki-form-of,verb
euren,euer,kaikki-form-of,det
seiten,seite,kaikki-form-of,noun
bring,bringen,kaikki-form-of,verb
gäste,gast,kaikki-form-of,noun
muttersprache,muttersprache,kaikki-headword,noun
dauert,dauern,kaikki-form-of,verb
länder,land,kaikki-form-of,noun
führte,führen,kaikki-form-of,verb
könntet,können,kaikki-form-of,verb
frag,fragen,kaikki-form-of,verb
müsste,müssen,kaikki-form-of,verb
wartete,warten,kaikki-form-of,verb
fragt,fragen,kaikki-form-of,verb
wolltest,wollen,kaikki-form-of,verb
füße,fuß,kaikki-form-of,noun
meter,meter,kaikki-headword,noun
kannte,kennen,kaikki-form-of,verb
würdet,werden,kaikki-form-of,verb
ländern,land,kaikki-form-of,noun
schwestern,schwester,kaikki-form-of,noun
eurer,euer,kaikki-form-of,det
mitgebracht,mitbringen,kaikki-form-of,verb
trat,treten,kaikki-form-of,verb
schönste,schön,kaikki-form-of,adj
bemerkte,bemerken,kaikki-form-of,verb
stärker,stark,kaikki-form-of,adj
beschloss,beschließen,kaikki-form-of,verb
häuser,haus,kaikki-form-of,noun
liebst,lieben,kaikki-form-of,verb
mussten,müssen,kaikki-form-of,verb
maus,maus,kaikki-headword,noun
bleib,bleiben,kaikki-form-of,verb
freut,freuen,kaikki-form-of,verb
blume,blume,kaikki-headword,noun
jene,jener,kaikki-form-of,pron
liebte,lieben,kaikki-form-of,verb
kümmert,kümmern,kaikki-form-of,verb
wächst,wachsen,kaikki-form-of,verb
geschah,geschehen,kaikki-form-of,verb
stell,stellen,kaikki-form-of,verb
bessere,bessern,kaikki-form-of,verb
arbeitete,arbeiten,kaikki-form-of,verb
wichtigste,wichtig,kaikki-form-of,adj
antwortete,antworten,kaikki-form-of,verb
wussten,wissen,kaikki-form-of,verb
möchtet,mögen,kaikki-form-of,verb
ecke,ecke,kaikki-headword,noun
dasselbe,derselbe,kaikki-form-of,pron
enthält,enthalten,kaikki-form-of,verb
umgebracht,umbringen,kaikki-form-of,verb
fährst,fahren,kaikki-form-of,verb
beinahe,beinahe,kaikki-headword,adv
aufgewachsen,aufwachsen,kaikki-form-of,verb
teller,teller,kaikki-headword,noun
zunge,zunge,kaikki-headword,noun
suchte,suchen,kaikki-form-of,verb
hose,hose,kaikki-headword,noun
sprang,springen,kaikki-form-of,verb
rannte,rennen,kaikki-form-of,verb
hals,hals,kaikki-headword,noun
rosen,rose,kaikki-form-of,noun
begonnen,beginnen,kaikki-form-of,verb
beigebracht,beibringen,kaikki-form-of,verb
mochte,mögen,kaikki-form-of,verb
erklärte,erklären,kaikki-form-of,verb
lächelte,lächeln,kaikki-form-of,verb
machten,machen,kaikki-form-of,verb
schlange,schlange,kaikki-headword,noun
jacke,jacke,kaikki-headword,noun
spieler,spielen,kaikki-form-of,noun
fürchtet,fürchten,kaikki-form-of,verb
wißt,wissen,kaikki-form-of,verb
lautet,lauten,kaikki-form-of,verb
japaner,japaner,kaikki-headword,noun
kartoffeln,kartoffel,kaikki-form-of,noun
geschichten,geschichte,kaikki-form-of,noun
stirbt,sterben,kaikki-form-of,verb
arbeiter,arbeiten,kaikki-form-of,noun
trifft,treffen,kaikki-form-of,verb
fahrer,fahren,kaikki-form-of,noun
küsste,küssen,kaikki-form-of,verb
lachte,lachen,kaikki-form-of,verb
gibst,geben,kaikki-form-of,verb
gefiel,gefallen,kaikki-form-of,verb
laß,lassen,kaikki-form-of,verb
hohen,hoch,kaikki-form-of,adj
versprach,versprechen,kaikki-form-of,verb
zieh,ziehen,kaikki-form-of,verb
gezwungen,zwingen,kaikki-form-of,verb
farben,farbe,kaikki-form-of,noun
lernte,lernen,kaikki-form-of,verb
erinnerst,erinnern,kaikki-form-of,verb
hohe,hoch,kaikki-form-of,adj
höchste,hoch,kaikki-form-of,adj
nimmst,nehmen,kaikki-form-of,verb
mail,mailen,kaikki-form-of,noun;verb
aussieht,aussehen,kaikki-form-of,verb
standen,stehen,kaikki-form-of,verb
aufgestanden,aufstehen,kaikki-form-of,verb
eingeschlafen,einschlafen,kaikki-form-of,verb
täte,tun,kaikki-form-of,verb
wärst,sein,kaikki-form-of,verb
kunden,kunde,kaikki-form-of,noun
stimmte,stimmen,kaikki-form-of,verb
erzähl,erzählen,kaikki-form-of,verb
geglaubt,glauben,kaikki-form-of,verb
angenommen,annehmen,kaikki-form-of,verb
hilf,helfen,kaikki-form-of,verb
vieles,vieles,kaikki-headword,pron
erkannte,erkennen,kaikki-form-of,verb
schlimmste,schlimm,kaikki-form-of,adj
ärzte,arzt,kaikki-form-of,noun
vorne,vorne,kaikki-headword,adv
laßt,lassen,kaikki-form-of,verb
dauerte,dauern,kaikki-form-of,verb
früchte,frucht,kaikki-form-of,noun
kollegen,kollege,kaikki-form-of,noun
schenkte,schenken,kaikki-form-of,verb
geliehen,leihen,kaikki-form-of,verb
hob,heben,kaikki-form-of,verb
buchstaben,buchstabe,kaikki-form-of,noun
riet,raten,kaikki-form-of,verb
wärest,sein,kaikki-form-of,verb
denk,denken,kaikki-form-of,verb
wusstest,wissen,kaikki-form-of,verb
setz,setzen,kaikki-form-of,verb
weinte,weinen,kaikki-form-of,verb
zeig,zeigen,kaikki-form-of,verb
erkannt,erkennen,kaikki-form-of,verb
nachgedacht,nachdenken,kaikki-form-of,verb
socken,socke,kaikki-form-of,noun
waffen,waffe,kaikki-form-of,noun
besseres,gut,kaikki-form-of,adj
käme,kommen,kaikki-form-of,verb
lippen,lippe,kaikki-form-of,noun
heutigen,heutig,kaikki-form-of,adj
hieß,heißen,kaikki-form-of,verb
erhielt,erhalten,kaikki-form-of,verb
schwanger,schwanger,kaikki-headword,adj
ältere,alt,kaikki-form-of,adj
verbrachte,verbringen,kaikki-form-of,verb
betrat,betreten,kaikki-form-of,verb
meistens,meistens,kaikki-headword,adv
sagtest,sagen,kaikki-form-of,verb
ändert,ändern,kaikki-form-of,verb
bösen,böse,kaikki-form-of,adj;noun
eurem,euer,kaikki-form-of,det
wäsche,wäsche,kaikki-headword,noun
schrie,schreien,kaikki-form-of,verb
söhne,sohn,kaikki-form-of,noun
dieselbe,derselbe,kaikki-form-of,pron
kehrte,kehren,kaikki-form-of,verb
anderem,anderer,kaikki-form-of,adj
steckte,stecken,kaikki-form-of,verb
dritten,dritte,kaikki-form-of,num
ergibt,ergeben,kaikki-form-of,verb
vergisst,vergessen,kaikki-form-of,verb
jenem,jener,kaikki-form-of,pron
männern,mann,kaikki-form-of,noun
schlägt,schlagen,kaikki-form-of,verb
heiratete,heiraten,kaikki-form-of,verb
lies,lesen,kaikki-form-of,verb
ausgegangen,ausgehen,kaikki-form-of,verb
flog,fliegen,kaikki-form-of,verb
geträumt,träumen,kaikki-form-of,verb
anzurufen,anrufen,kaikki-form-of,verb
dürfte,dürfen,kaikki-form-of,verb
kennenzulernen,kennenlernen,kaikki-form-of,verb
regnete,regnen,kaikki-form-of,verb
angezogen,anziehen,kaikki-form-of,verb
höher,hoch,kaikki-form-of,adj
leiter,leiter,kaikki-headword,noun
anzusehen,ansehen,kaikki-form-of,verb
nahmen,nehmen,kaikki-form-of,verb
weigerte,weigern,kaikki-form-of,verb
ergebnisse,ergebnis,kaikki-form-of,noun
hielten,halten,kaikki-form-of,verb
selben,selber,kaikki-form-of,pron
töchter,tochter,kaikki-form-of,noun
besseren,gut,kaikki-form-of,adj
wünscht,wünschen,kaikki-form-of,verb
gedanke,gedanke,kaikki-headword,noun
leg,legen,kaikki-form-of,verb
höhe,höhe,kaikki-headword,noun
hörten,hören,kaikki-form-of,verb
klüger,klug,kaikki-form-of,adj
fühlst,fühlen,kaikki-form-of,verb
ähnelt,ähneln,kaikki-form-of,verb
begangen,begehen,kaikki-form-of,verb
mitarbeiter,mitarbeiter,kaikki-headword,noun
schönsten,schön,kaikki-form-of,adj
aufzuhören,aufhören,kaikki-form-of,verb
hilfst,helfen,kaikki-form-of,verb
affen,affe,kaikki-form-of,noun
wohnte,wohnen,kaikki-form-of,verb
aufgefallen,auffallen,kaikki-form-of,verb
geheimnisse,geheimnis,kaikki-form-of,noun
aufzustehen,aufstehen,kaikki-form-of,verb
spielten,spielen,kaikki-form-of,verb
kurs,kurs,kaikki-headword,noun
trägst,tragen,kaikki-form-of,verb
endet,enden,kaikki-form-of,verb
schickte,schicken,kaikki-form-of,verb
verkehr,verkehren,kaikki-form-of,noun;verb
angelogen,anlügen,kaikki-form-of,verb
gestrichen,streichen,kaikki-form-of,verb
zurückgekommen,zurückkommen,kaikki-form-of,verb
größere,groß,kaikki-form-of,adj
lebten,leben,kaikki-form-of,verb
gesamte,gesamt,kaikki-form-of,adj
verliebte,verlieben,kaikki-form-of,verb
ratschläge,ratschlag,kaikki-form-of,noun
städte,stadt,kaikki-form-of,noun
zurückgekehrt,zurückkehren,kaikki-form-of,verb
betrogen,betrügen,kaikki-form-of,verb
hol,holen,kaikki-form-of,verb
bauern,bauer,kaikki-form-of,noun
erreichte,erreichen,kaikki-form-of,verb
frisst,fressen,kaikki-form-of,verb
nackt,nackt,kaikki-headword,adj
beträgt,betragen,kaikki-form-of,verb
teurer,teuer,kaikki-form-of,adj
jenes,jener,kaikki-form-of,pron
versteckte,verstecken,kaikki-form-of,verb
abgenommen,abnehmen,kaikki-form-of,verb
erschien,erscheinen,kaikki-form-of,verb
blieben,bleiben,kaikki-form-of,verb
dachten,denken,kaikki-form-of,verb
armee,armee,kaikki-headword,noun
wiederzusehen,wiedersehen,kaikki-form-of,verb
ausgegeben,ausgeben,kaikki-form-of,verb
wäscht,waschen,kaikki-form-of,verb
vergaß,vergessen,kaikki-form-of,verb
mußte,müssen,kaikki-form-of,verb
nirgends,nirgends,kaikki-headword,adv
ursache,ursache,kaikki-headword,noun
konntest,können,kaikki-form-of,verb
süden,süden,kaikki-headword,noun
ließen,lassen,kaikki-form-of,verb
reist,reisen,kaikki-form-of,verb
betrifft,betreffen,kaikki-form-of,verb
kater,kater,kaikki-headword,noun
schreib,schreiben,kaikki-form-of,verb
lehnte,lehnen,kaikki-form-of,verb
büchern,buch,kaikki-form-of,noun
wußten,wissen,kaikki-form-of,verb
trink,trinken,kaikki-form-of,verb
bienen,biene,kaikki-form-of,noun
hofft,hoffen,kaikki-form-of,verb
milliarden,milliarde,kaikki-form-of,noun
erfordert,erfordern,kaikki-form-of,verb
kräfte,kraft,kaikki-form-of,noun
zumute,zumute,kaikki-headword,adv
mehreren,mehrere,kaikki-form-of,pron
wiegt,wiegen,kaikki-form-of,verb
fragst,fragen,kaikki-form-of,verb
erdbeeren,erdbeere,kaikki-form-of,noun
bricht,brechen,kaikki-form-of,verb
kühe,kuh,kaikki-form-of,noun
osten,osten,kaikki-headword,noun
erstes,erste,kaikki-form-of,num
entschied,entscheiden,kaikki-form-of,verb
weiteren,weit,kaikki-form-of,adj
folgte,folgen,kaikki-form-of,verb
wunde,wunde,kaikki-headword,noun
fanden,finden,kaikki-form-of,verb
götter,gott,kaikki-form-of,noun
fremdsprachen,fremdsprache,kaikki-form-of,noun
gewann,gewinnen,kaikki-form-of,verb
leiser,leise,kaikki-form-of,adj
wichtigsten,wichtig,kaikki-form-of,adj
älteren,alt,kaikki-form-of,adj
musiker,musiker,kaikki-headword,noun
festgenommen,festnehmen,kaikki-form-of,verb
nachzudenken,nachdenken,kaikki-form-of,verb
dritte,dritte,kaikki-headword,adj
teilte,teilen,kaikki-form-of,verb
vorgeschlagen,vorschlagen,kaikki-form-of,verb
taschen,tasche,kaikki-form-of,noun
umständen,umstand,kaikki-form-of,noun
vermag,vermögen,kaikki-form-of,verb
passierte,passieren,kaikki-form-of,verb
drehte,drehen,kaikki-form-of,verb
verschwand,verschwinden,kaikki-form-of,verb
tatsachen,tatsache,kaikki-form-of,noun
franzosen,franzose,kaikki-form-of,noun
stürzte,stürzen,kaikki-form-of,verb
bittet,bitten,kaikki-form-of,verb
ankam,ankommen,kaikki-form-of,verb
träumte,träumen,kaikki-form-of,verb
verbrannt,verbrennen,kaikki-form-of,verb
übersetzer,übersetzer,kaikki-headword,noun
geschwister,geschwister,kaikki-headword,noun
kerzen,kerze,kaikki-form-of,noun
schülern,schüler,kaikki-form-of,noun
drückte,drücken,kaikki-form-of,verb
möglichst,möglichst,kaikki-headword,adv
übrigens,übrigens,kaikki-headword,adv
erfährt,erfahren,kaikki-form-of,verb
herzens,herz,kaikki-form-of,noun
derselben,derselbe,kaikki-form-of,pron
wußtest,wissen,kaikki-form-of,verb
blickte,blicken,kaikki-form-of,verb
endete,enden,kaikki-form-of,verb
hierhergekommen,hierherkommen,kaikki-form-of,verb
klingelte,klingeln,kaikki-form-of,verb
holte,holen,kaikki-form-of,verb
wirkte,wirken,kaikki-form-of,verb
mitzuteilen,mitteilen,kaikki-form-of,verb
geschnitten,schneiden,kaikki-form-of,verb
bananen,banane,kaikki-form-of,noun
gleicht,gleichen,kaikki-form-of,verb
träumt,träumen,kaikki-form-of,verb
familien,familie,kaikki-form-of,noun
dunklen,dunkel,kaikki-form-of,adj
reichte,reichen,kaikki-form-of,verb
lachten,lachen,kaikki-form-of,verb
geriet,geraten,kaikki-form-of,verb
gesamten,gesamt,kaikki-form-of,adj
redete,reden,kaikki-form-of,verb
sätzen,satz,kaikki-form-of,noun
denselben,derselbe,kaikki-form-of,pron
nannte,nennen,kaikki-form-of,verb
erfuhr,erfahren,kaikki-form-of,verb
verlässt,verlassen,kaikki-form-of,verb
erwiderte,erwidern,kaikki-form-of,verb
inneren,inner,kaikki-form-of,adj
wußtet,wissen,kaikki-form-of,verb
befand,befinden,kaikki-form-of,verb
jenen,jener,kaikki-form-of,pron
ginge,gehen,kaikki-form-of,verb
starben,sterben,kaikki-form-of,verb
diejenige,derjenige,kaikki-form-of,pron
bewundere,bewundern,kaikki-form-of,verb
tomaten,tomate,kaikki-form-of,noun
fehlern,fehler,kaikki-form-of,noun
kümmere,kümmern,kaikki-form-of,verb
besitzer,besitzen,kaikki-form-of,noun
möglichen,möglich,kaikki-form-of,adj
gefreut,freuen,kaikki-form-of,verb
entspricht,entsprechen,kaikki-form-of,verb
affe,affe,kaikki-headword,noun
wirf,werfen,kaikki-form-of,verb
pflegte,pflegen,kaikki-form-of,verb
geflogen,fliegen,kaikki-form-of,verb
jüngste,jung,kaikki-form-of,adj
zigaretten,zigarette,kaikki-form-of,noun
wolltet,wollen,kaikki-form-of,verb
böses,böse,kaikki-form-of,adj
verwechselt,verwechseln,kaikki-form-of,verb
begannen,beginnen,kaikki-form-of,verb
kleinste,klein,kaikki-form-of,adj
gehofft,hoffen,kaikki-form-of,verb
glaub,glauben,kaikki-form-of,verb
pommes,pommes,kaikki-headword,noun
erschossen,erschießen,kaikki-form-of,verb
italiener,italiener,kaikki-headword,noun
weiteres,weit,kaikki-form-of,adj
schande,schande,kaikki-headword,noun
tätest,tun,kaikki-form-of,verb
wirft,werfen,kaikki-form-of,verb
fingen,fangen,kaikki-form-of,verb
anfänger,anfangen,kaikki-form-of,noun
aufgewacht,aufwachen,kaikki-form-of,verb
hingegangen,hingehen,kaikki-form-of,verb
flaschen,flasche,kaikki-form-of,noun
meilen,meile,kaikki-form-of,noun
felsen,felsen,kaikki-headword,noun
jüngere,jung,kaikki-form-of,adj
bezweifle,bezweifeln,kaikki-form-of,verb
weht,wehen,kaikki-form-of,verb
zogen,ziehen,kaikki-form-of,verb
stieß,stoßen,kaikki-form-of,verb
herrschte,herrschen,kaikki-form-of,verb
gestritten,streiten,kaikki-form-of,verb
packte,packen,kaikki-form-of,verb
innen,innen,kaikki-headword,adv
züge,zug,kaikki-form-of,noun
wille,wille,kaikki-headword,noun
heutige,heutig,kaikki-form-of,adj
anzunehmen,annehmen,kaikki-form-of,verb
briefmarken,briefmarke,kaikki-form-of,noun
gläser,glas,kaikki-form-of,noun
sünde,sünde,kaikki-headword,noun
gestochen,stechen,kaikki-form-of,verb
lächelt,lächeln,kaikki-form-of,verb
schockiert,schockieren,kaikki-form-of,verb
tassen,tasse,kaikki-form-of,noun
liefen,laufen,kaikki-form-of,verb
wandte,wenden,kaikki-form-of,verb
erinnerte,erinnern,kaikki-form-of,verb
fehlte,fehlen,kaikki-form-of,verb
älterer,alt,kaikki-form-of,adj
warteten,warten,kaikki-form-of,verb
reiste,reisen,kaikki-form-of,verb
wenigsten,wenig,kaikki-form-of,adj
lud,laden,kaikki-form-of,verb
ißt,essen,kaikki-form-of,verb
schadet,schaden,kaikki-form-of,verb
guck,gucken,kaikki-form-of,verb
wörtern,wort,kaikki-form-of,noun
läßt,lassen,kaikki-form-of,verb
klaren,klar,kaikki-form-of,adj
trugen,tragen,kaikki-form-of,verb
sämtliche,sämtlich,kaikki-form-of,adj
zuzuhören,zuhören,kaikki-form-of,verb
leser,lesen,kaikki-form-of,noun
orangen,orange,kaikki-form-of,adj;noun
hoffte,hoffen,kaikki-form-of,verb
damen,dame,kaikki-form-of,noun
versuchten,versuchen,kaikki-form-of,verb
ärgert,ärgern,kaikki-form-of,verb
studentin,student,kaikki-form-of,noun
forderte,fordern,kaikki-form-of,verb
täten,tun,kaikki-form-of,verb
freute,freuen,kaikki-form-of,verb
klopfte,klopfen,kaikki-form-of,verb
gewechselt,wechseln,kaikki-form-of,verb
verwandelt,verwandeln,kaikki-form-of,verb
aufzugeben,aufgeben,kaikki-form-of,verb
belogen,belügen,kaikki-form-of,verb
vermute,vermuten,kaikki-form-of,verb
schaltete,schalten,kaikki-form-of,verb
umstände,umstand,kaikki-form-of,noun
mögliche,möglich,kaikki-form-of,adj
endes,ende,kaikki-form-of,noun
ereignisse,ereignis,kaikki-form-of,noun
hingelegt,hinlegen,kaikki-form-of,verb
herausgefunden,herausfinden,kaikki-form-of,verb
völker,volk,kaikki-form-of,noun
überraschte,überraschen,kaikki-form-of,verb
wurdest,werden,kaikki-form-of,verb
höchsten,hoch,kaikki-form-of,adj
chancen,chance,kaikki-form-of,noun
müssten,müssen,kaikki-form-of,verb
beeil,beeilen,kaikki-form-of,verb
wölfe,wolf,kaikki-form-of,noun
gefeuert,feuern,kaikki-form-of,verb
trafen,treffen,kaikki-form-of,verb
themen,thema,kaikki-form-of,noun
kunde,kunde,kaikki-headword,noun
bestellte,bestellen,kaikki-form-of,verb
unterhielten,unterhalten,kaikki-form-of,verb
spätestens,spätestens,kaikki-headword,adv
zugenommen,zunehmen,kaikki-form-of,verb
brachten,bringen,kaikki-form-of,verb
auszudrücken,ausdrücken,kaikki-form-of,verb
münze,münze,kaikki-headword,noun
schaffte,schaffen,kaikki-form-of,verb
mücken,mücke,kaikki-form-of,noun
stühle,stuhl,kaikki-form-of,noun
gemocht,mögen,kaikki-form-of,verb
chaos,chaos,kaikki-headword,noun
wachte,wachen,kaikki-form-of,verb
besucher,besucher,kaikki-headword,noun
ticket,ticket,kaikki-headword,noun
erhält,erhalten,kaikki-form-of,verb
wange,wange,kaikki-headword,noun
löste,lösen,kaikki-form-of,verb
benimmt,benehmen,kaikki-form-of,verb
mitgeteilt,mitteilen,kaikki-form-of,verb
plätze,platz,kaikki-form-of,noun
diener,dienen,kaikki-form-of,noun
erleichtert,erleichtern,kaikki-form-of,verb
maßnahmen,maßnahme,kaikki-form-of,noun
ente,ente,kaikki-headword,noun
vorhänge,vorhang,kaikki-form-of,noun
innere,inner,kaikki-form-of,adj
umzubringen,umbringen,kaikki-form-of,verb
liebhaber,liebhaber,kaikki-headword,noun
nochmals,nochmals,kaikki-headword,adv
wangen,wange,kaikki-form-of,noun
cousine,cousine,kaikki-headword,noun
auszugehen,ausgehen,kaikki-form-of,verb
hasen,hase,kaikki-form-of,noun
merkte,merken,kaikki-form-of,verb
gewußt,wissen,kaikki-form-of,verb
gemalt,malen,kaikki-form-of,verb
angeschaut,anschauen,kaikki-form-of,verb
verlangte,verlangen,kaikki-form-of,verb
kostete,kosten,kaikki-form-of,verb
interessen,interesse,kaikki-form-of,noun
demselben,derselbe,kaikki-form-of,pron
erhob,erheben,kaikki-form-of,verb
freuden,freude,kaikki-form-of,noun
schläfst,schlafen,kaikki-form-of,verb
sklaven,sklave,kaikki-form-of,noun
füllte,füllen,kaikki-form-of,verb
fahr,fahren,kaikki-form-of,verb
rettete,retten,kaikki-form-of,verb
jedenfalls,jedenfalls,kaikki-headword,adv
aufgegessen,aufessen,kaikki-form-of,verb
weggegangen,weggehen,kaikki-form-of,verb
hing,hängen,kaikki-form-of,verb
kaputtgemacht,kaputtmachen,kaikki-form-of,verb
fielen,fallen,kaikki-form-of,verb
vorschläge,vorschlag,kaikki-form-of,noun
zugehört,zuhören,kaikki-form-of,verb
starrte,starren,kaikki-form-of,verb
geringsten,gering,kaikki-form-of,adj
ware,ware,kaikki-headword,noun
jüngeren,jung,kaikki-form-of,adj
meinten,meinen,kaikki-form-of,verb
nüsse,nuss,kaikki-form-of,noun
gedauert,dauern,kaikki-form-of,verb
kannten,kennen,kaikki-form-of,verb
hohes,hoch,kaikki-form-of,adj
lieh,leihen,kaikki-form-of,verb
biene,biene,kaikki-headword,noun
such,suchen,kaikki-form-of,verb
nachnamen,nachname,kaikki-form-of,noun
gereist,reisen,kaikki-form-of,verb
verlobt,verloben,kaikki-form-of,verb
größeren,groß,kaikki-form-of,adj
abzuschließen,abschließen,kaikki-form-of,verb
hosen,hose,kaikki-form-of,noun
entdeckte,entdecken,kaikki-form-of,verb
höchstens,höchstens,kaikki-headword,adv
hinzugehen,hingehen,kaikki-form-of,verb
handelte,handeln,kaikki-form-of,verb
verbrachten,verbringen,kaikki-form-of,verb
nächte,nacht,kaikki-form-of,noun
stellst,stellen,kaikki-form-of,verb
maschinen,maschine,kaikki-form-of,noun
gehandelt,handeln,kaikki-form-of,verb
stellten,stellen,kaikki-form-of,verb
tanzte,tanzen,kaikki-form-of,verb
vergebens,vergebens,kaikki-headword,adv
bereitete,bereiten,kaikki-form-of,verb
kümmerte,kümmern,kaikki-form-of,verb
ausgeschaltet,ausschalten,kaikki-form-of,verb
gesperrt,sperren,kaikki-form-of,verb
befördert,befördern,kaikki-form-of,verb
zurückgegeben,zurückgeben,kaikki-form-of,verb
kletterte,klettern,kaikki-form-of,verb
anzufangen,anfangen,kaikki-form-of,verb
aussah,aussehen,kaikki-form-of,verb
verwandelte,verwandeln,kaikki-form-of,verb
schob,schieben,kaikki-form-of,verb
beschädigt,beschädigen,kaikki-form-of,verb
erwiesen,erweisen,kaikki-form-of,verb
ausgeschlossen,ausschließen,kaikki-form-of,verb
löcher,loch,kaikki-form-of,noun
hasste,hassen,kaikki-form-of,verb
führer,führer,kaikki-headword,noun
täter,täter,kaikki-headword,noun
risiken,risiko,kaikki-form-of,noun
herauszufinden,herausfinden,kaikki-form-of,verb
verursachte,verursachen,kaikki-form-of,verb
gesunden,gesund,kaikki-form-of,adj
müsstest,müssen,kaikki-form-of,verb
ausgezogen,ausziehen,kaikki-form-of,verb
nachgesehen,nachsehen,kaikki-form-of,verb
schuf,schaffen,kaikki-form-of,verb
brannte,brennen,kaikki-form-of,verb
verhält,verhalten,kaikki-form-of,verb
übt,üben,kaikki-form-of,verb
gruppen,gruppe,kaikki-form-of,noun
führten,führen,kaikki-form-of,verb
setzten,setzen,kaikki-form-of,verb
welpen,welpe,kaikki-form-of,noun
schwieg,schweigen,kaikki-form-of,verb
vorzustellen,vorstellen,kaikki-form-of,verb
mitzunehmen,mitnehmen,kaikki-form-of,verb
geringste,gering,kaikki-form-of,adj
goss,gießen,kaikki-form-of,verb
gesammelt,sammeln,kaikki-form-of,verb
gesunde,gesund,kaikki-form-of,adj
zauberer,zaubern,kaikki-form-of,noun
anzuschauen,anschauen,kaikki-form-of,verb
kürzer,kurz,kaikki-form-of,adj
steh,stehen,kaikki-form-of,verb
ergriff,ergreifen,kaikki-form-of,verb
bemühte,bemühen,kaikki-form-of,verb
tabletten,tablette,kaikki-form-of,noun
ameisen,ameise,kaikki-form-of,noun
ärgere,ärgern,kaikki-form-of,verb
dieselben,derselbe,kaikki-form-of,pron
wälder,wald,kaikki-form-of,noun
sogenannten,sogenannt,kaikki-form-of,adj
entschuldigte,entschuldigen,kaikki-form-of,verb
sieger,siegen,kaikki-form-of,noun
kälter,kalt,kaikki-form-of,adj
spürte,spüren,kaikki-form-of,verb
hinterließ,hinterlassen,kaikki-form-of,verb
einbrecher,einbrechen,kaikki-form-of,noun
tauchte,tauchen,kaikki-form-of,verb
unterschrieben,unterschreiben,kaikki-form-of,verb
durfte,dürfen,kaikki-form-of,verb
chinesen,chinese,kaikki-form-of,noun
zurückzukehren,zurückkehren,kaikki-form-of,verb
begab,begeben,kaikki-form-of,verb
zuzugeben,zugeben,kaikki-form-of,verb
tötete,töten,kaikki-form-of,verb
vorhanden,vorhanden,kaikki-headword,adj
bedauere,bedauern,kaikki-form-of,verb
missverstanden,missverstehen,kaikki-form-of,verb
sammelt,sammeln,kaikki-form-of,verb
gehörte,gehören,kaikki-form-of,verb
flüsterte,flüstern,kaikki-form-of,verb
versprich,versprechen,kaikki-form-of,verb
aufzupassen,aufpassen,kaikki-form-of,verb
verkaufte,verkaufen,kaikki-form-of,verb
flüsse,fluss,kaikki-form-of,noun
drohte,drohen,kaikki-form-of,verb
studierte,studieren,kaikki-form-of,verb
zeilen,zeile,kaikki-form-of,noun
fürchtete,fürchten,kaikki-form-of,verb
blüte,blüte,kaikki-headword,noun
juden,jude,kaikki-form-of,noun
annahme,annahme,kaikki-headword,noun
dachtest,denken,kaikki-form-of,verb
kenntnisse,kenntnis,kaikki-form-of,noun
mücke,mücke,kaikki-headword,noun
vorhat,vorhaben,kaikki-form-of,verb
schüttelte,schütteln,kaikki-form-of,verb
sprecher,sprecher,kaikki-headword,noun
dose,dose,kaikki-headword,noun
neuesten,neu,kaikki-form-of,adj
ausgabe,ausgabe,kaikki-headword,noun
klare,klar,kaikki-form-of,adj
aufzuhalten,aufhalten,kaikki-form-of,verb
erzogen,erziehen,kaikki-form-of,verb
liebten,lieben,kaikki-form-of,verb
zugestimmt,zustimmen,kaikki-form-of,verb
anfängt,anfangen,kaikki-form-of,verb
beschwerden,beschwerde,kaikki-form-of,noun
näherte,nähern,kaikki-form-of,verb
