deu_sid,has_en,eng_text
1002,yes,Good night. Sweet dreams.
1003677,no,
1004957,yes,Do you have a vacancy?
1005033,yes,"I knocked on the door, but no one answered."
1008067,no,
1009287,yes,Who told you about me?
1009302,no,
10094717,yes,"We will go for a walk, unless it rains."
1010852,yes,She's making breakfast.
1013897,yes,"""Are you OK?"" ""I'm fine!"""
1014119,yes,Would you mind not doing that?
1014120,yes,Would you mind not doing that?
1014121,yes,Would you mind not doing that?
1015359,no,
1023495,no,
10339671,yes,I told you not to come here.
1037463,yes,I have no problem with this.
1040806,no,
1056476,no,
1075215,no,
10772760,no,
1080713,no,
1081822,no,
1084450,yes,It looks familiar.
1100,yes,A known mistake is better than an unknown truth.
1100871,yes,I don't want to talk about it.
1103279,yes,She presumes him to be innocent.
1105533,yes,He said that he takes a walk every morning.
1105548,no,
1111031,yes,"Happy birthday, Shishir!"
1121694,no,
1123207,no,
1124776,no,
1124778,no,
1125391,no,
1126863,no,
1133830,yes,What do you want again?
1134628,yes,Are you going there on business?
1136,yes,You have to turn words into deeds.
1142407,yes,You don't need to worry about it.
1144,yes,He doesn't look his age.
1155,yes,I liked this film.
1166,yes,The problem resolved itself.
1166359,no,
1176518,no,
11831643,yes,It hasn't really been that long.
1185368,yes,He's still at work.
1186193,no,
1187093,yes,"As soon as the weather changes, I get ill."
1187569,no,
1190257,no,
1190958,yes,Are you sure this is the right train?
1194896,yes,I wear thick tights in winter.
119750,yes,"""Why didn't you come?"" ""I had no choice."""
1200074,no,
1201901,no,
1204322,yes,He is very taken up with building model airplanes.
1205149,yes,Let's take a picture here.
1206461,no,
1214578,no,
1219292,no,
1220046,no,
1222502,yes,"The choice of words is, of course, no accident."
1223244,no,
1223924,yes,He's regarded as a doyen of British humour.
1225557,yes,Does this machine accept euro coins?
12258367,yes,"""Thank you for your help."" ""You're welcome."""
1226945,yes,Is this sentence meant seriously? Of course not!
1228366,no,
12286936,yes,I told you I was going to do it.
1231842,yes,Tom doesn't know the difference between right and wrong.
1231882,yes,Tom can't cook very well.
1234496,no,
1234499,yes,Tom doesn't know the difference between meticulous and pedantic.
1240,yes,I went to drink a beer with friends.
1240129,no,
1240249,yes,"In short, I don't know."
12419727,yes,I am Polish and I come from Warsaw.
12419739,no,
12419741,no,
1243483,no,
1244,yes,He changed a lot since the last time.
1250299,no,
1254729,no,
1256907,no,
1259261,yes,The captain is the last to leave a sinking ship.
1260,yes,Florence is the most beautiful city in Italy.
1261,yes,I met nice people.
1262,yes,I talked to friends.
1268529,yes,She never avoids confrontation.
1270949,no,
1270960,no,
1284187,yes,It's already out of fashion.
1286212,yes,I'm going there now.
1291415,no,
1291511,yes,Your name stands first on my list.
1312388,yes,You know that that is the cry of the prophets.
1313961,yes,What's done can't be undone.
1314641,yes,It's about time.
1315409,yes,Slip on your shoes.
1315482,yes,How did you make it?
1317356,yes,That's quite a story.
1325346,no,
1332138,no,
1335372,no,
1336742,no,
1340340,yes,Would you like anything else?
1341131,yes,She avoids me.
1343542,yes,I stared at the man.
1344456,no,
135,yes,It depends on the context.
1352538,yes,I put my hat on.
1356649,no,
135750,yes,One winter morning I met him.
135992,yes,The man died a few hours ago.
136256,yes,I bought a pair of shoes.
136435,yes,She went to America with a view to studying medicine.
136437,yes,His grandfather died of cancer a year ago.
136444,yes,My wife died of cancer.
136445,yes,I saw a woman in black.
136448,yes,He made her his wife.
1365795,no,
1370266,yes,I've just realised I've forgotten something.
1386501,yes,Tom brought Mary a gift.
138816,yes,It's dangerous to talk on the phone and drive at the same time.
1388543,yes,I think my German isn't very good.
1389100,no,
1390555,yes,She wouldn't speak to him.
1390632,yes,She stared at him in astonishment.
139116,yes,He wrote me a love letter.
139165,yes,Mrs. Brown wrote a book on politics.
139397,yes,I learned to play guitar when I was ten years old.
1394603,no,
139487,yes,I can't bear this noise anymore.
139988,yes,He asked me whether anybody was there.
140001,yes,"I'm sorry, I have no idea."
140014,yes,I'm at a loss for words.
1401513,yes,I wish you the best of luck.
1403664,yes,What are your weekend plans?
1406965,yes,I'll see to it first thing tomorrow.
1410995,yes,I'll just have a kip.
1418883,yes,He gave me a blank stare.
1428669,no,
1428881,yes,Suddenly we heard someone cry for help.
1443011,yes,I never imagined that you would say that.
1459512,yes,It was cheaper than I thought.
1464191,yes,Where exactly are you going?
1481646,yes,I prefer working to doing nothing.
1497002,yes,Tom poured himself a glass of scotch.
1503338,yes,It's time to work together.
1509574,yes,I'm not sure.
1513594,yes,Tom held the door open for Mary.
1514492,yes,May I ask you some more questions?
1514589,yes,Tom brought plenty of food.
1514991,yes,I didn't know that you were in this town.
1515147,yes,Eh? Hundreds of thousands of Yen plus betrothal gifts?
1516521,yes,Are you sure you want to do it?
1516669,no,
1519101,yes,Will you help me for a minute?
1520096,yes,Tom gets along well with Mary.
1525504,yes,Tom didn't want to work overtime on Christmas Eve.
1527706,yes,Tom turned on the car radio.
1535945,no,
1538242,yes,He can't cook very well.
1539615,yes,Let's go back to Unit 3.
1540498,no,
1544293,yes,I'm not sure when he'll come.
1546498,no,
1550797,no,
1555149,no,
1560971,yes,She may be a nurse. I am not sure.
1562734,yes,You must take care of the dog.
15773,yes,She quit smoking.
158,yes,It was always like that.
1585868,yes,He disappeared again.
1590632,yes,Stretch your arms straight.
1590820,yes,The situation is worse than I thought.
1591044,yes,Her beauty will fade in time.
1597904,yes,"Good evening, ladies and gentlemen."
1598463,no,
160,yes,One can always find time.
1600743,yes,This is old news.
1607651,yes,"""You're very welcome,"" replied the steward."
1607652,yes,"""Here you go,"" says the train guard."
1610410,no,
1627148,no,
1635249,yes,Have you ever touched a dolphin?
1637046,yes,I'm thinking of the plan.
1652592,no,
1654943,no,
1657684,yes,You don't know that.
1659266,yes,Now I understand what happened.
166,yes,Most people write about their daily life.
1663338,no,
1665308,no,
1673348,yes,It starts around 8:30.
1679723,no,
1683988,yes,It happens more often than you would think.
1688443,yes,Tom wanted to talk to Mary.
1690550,yes,I'm hungry and thirsty.
1690552,yes,I'm hungry and thirsty.
1691000,yes,Are you sure you don't know Tom?
1691117,yes,Tom was afraid that someone would find out about his past.
1708006,yes,We've tried everything.
1708008,yes,We've tried everything.
1709329,yes,He accepts gifts from students.
1709330,yes,He accepts gifts from students.
1709876,no,
1712426,yes,I wanted to talk to you.
1712485,yes,She put her glasses back on.
1713045,yes,"No problem, we can help you."
1728595,yes,Can I go for a walk?
1729452,yes,This is the first time I've ever peeled potatoes.
1731453,yes,Keep away from the fire.
1733461,no,
1733899,no,
1734196,no,
1735139,yes,It looks like it's going to be sunny.
1743691,yes,Mary hasn't seen the picture yet.
1754202,no,
1756094,yes,It seems that everybody likes golf.
1761226,yes,Why didn't you say so earlier?
1767966,no,
1768879,yes,I cooked him dinner.
1768880,yes,I cooked her dinner.
1772576,yes,"""Where is my phone?"" ""It's on my desk."""
1773518,yes,"""Where is my car?"" ""It's in the garage."""
1774950,no,
1777640,yes,You need to move faster.
1790812,yes,This is where the fun begins.
1802814,yes,I don't think I want that.
180443,yes,I tried to tell you.
1809054,yes,I can't believe he did that.
180999,yes,"I have no job, so I can never save money."
1812258,no,
1817905,no,
1819205,yes,Tom put his glasses on.
182048,yes,Can your brother drive a car?
1820730,yes,I didn't know that you were a monster.
1824415,no,
1827777,no,
1832973,no,
1839216,yes,"Sorry, but you're in the wrong here."
1840151,yes,Can you please shut up?
1844130,yes,What's the matter with you?
1845268,no,
1848788,yes,I have a decision to make.
1852412,yes,May I take a photo?
1852841,yes,This is the first time I've been here.
1863577,yes,I'm not sure if I'll go.
1863579,yes,I'm not sure if Tom will go.
1881367,yes,He turned off the light.
1882873,no,
1891395,no,
1893402,yes,I didn't think I was going to like you this much.
1897942,yes,That's not what I'm saying.
1898981,yes,She liked Charles as soon as she met him.
1900211,yes,The farmer cultivates a variety of crops.
1900217,yes,The farm grows potatoes.
1923358,yes,I feel like an idiot.
1923361,yes,I feel like an idiot.
1940943,yes,Tom is leaving for India next Friday.
1948496,yes,She took off her clothes.
1956582,yes,What do you want to do with it?
1956584,yes,What do you want to do with this old chair?
1959544,yes,I can't believe that actually happened.
1967873,yes,You can't scare me.
1983336,yes,That's for me? Thank you.
1995667,no,
1996518,yes,I'll keep you posted.
1996519,yes,I'll keep you posted.
1997832,yes,It'll be too late then.
2051477,yes,I didn't know you played chess.
2081753,no,
2082698,no,
2085084,yes,I can tell when someone is lying.
2088153,yes,I should've kept my mouth shut.
210,yes,I don't get what you mean.
2101038,no,
2134813,no,
2141624,no,
2184035,no,
2190159,yes,I didn't know you had a snake.
2195988,yes,You don't love me!
2214002,yes,It looks like Tom is flirting with Mary.
2214137,yes,I don't think I can do this alone.
2224170,yes,I didn't think you'd come so soon.
2229930,yes,I don't think I want to know.
2265935,yes,"Excuse me, but you're mistaken."
2291558,yes,"The bill's correct, thank you."
2329546,yes,You are mad to try to do it all alone.
235,yes,"It's not much of a surprise, is it?"
236461,yes,I bought it for twelve dollars.
2393301,no,
2393715,yes,Please give me back my pen.
2441361,yes,I didn't want to scare you.
2441630,yes,You don't even know Tom.
245,yes,I don't know what to do anymore.
2478848,yes,Do I look okay?
2489242,yes,Will anybody be at the station to meet me?
2492200,yes,I look like Tom.
2493089,no,
254,yes,I can't explain it either.
2574892,yes,Tom shut off his computer.
261,yes,I don't know if I still have it.
2634019,no,
2634035,no,
2670734,no,
2707673,yes,She dropped me off at my apartment.
2738775,yes,"Oh, what? You don't know?"
2744455,yes,I thought I told you not to come here.
2750191,yes,I just want to take a picture.
2757096,yes,I didn't want to scare you.
2762046,yes,Does Tom want to rest?
2779087,yes,Tom dropped Mary off at the station.
2786012,yes,"""Thank you very much for everything."" ""You are welcome."""
2793568,yes,Tom answered the phone as soon as it rang.
2832231,yes,"I'm sorry, but I don't want to talk about it."
287,yes,I learned to live without her.
2871586,yes,"""I don't like repeating myself."" ""What?"""
2879324,yes,I was going to have a kip.
2895736,yes,Do we have more unanswered letters?
2982943,yes,We're coming back to Europe in June!
3032610,yes,"What kind of question is that, Tom?"
3050817,yes,I'm not sure that's true.
3085250,yes,I like listening to him.
3142420,no,
3142442,no,
3165773,yes,Tom will pick me up after school.
3249487,yes,I spend a lot of time practising the guitar.
3269117,yes,Tom was always available when you needed him.
3275582,yes,It's high time to go. See you later.
328,yes,It won't start before eight-thirty.
3280668,no,
3280901,yes,It hasn't been that long.
3285748,yes,Today is even colder.
330461,yes,Grandpa bought it for me!
330596,yes,He wrote me a long letter.
330597,yes,Do you wear a kimono?
330601,yes,Listening to music is lots of fun.
331188,yes,Are you even listening to me?
331884,yes,The lecture starts at 8 o'clock.
331890,yes,Paris is the capital of France.
331891,yes,Ottawa is Canada's capital.
331892,yes,London is the capital of England.
331896,yes,She gave him a watch.
332357,yes,He is just my age.
332361,yes,This river is very dangerous to swim in.
3323662,yes,Would you like to go for a walk?
333643,yes,Bill can run faster than Bob.
3346230,yes,I'm going to the beach. What about you?
338294,no,
338302,no,
338309,yes,See you tomorrow at the library.
338314,yes,"English is not easy, but it is interesting."
338348,yes,It helped me a lot.
3383493,yes,Never come back here.
3402761,no,
340783,yes,We all went to the party except Joe.
340816,yes,She is as clever as she is beautiful.
340817,yes,Do you know where he bought his camera?
340818,yes,Rain is scarce in this country.
340820,yes,I can wait no longer.
340845,yes,Can I make a booking?
340881,yes,Susan left an hour ago.
340898,yes,Our train stopped suddenly.
340914,yes,The political situation has changed.
341052,yes,They went out of the room very silently.
341111,yes,Don't be so sharp with the children.
341123,no,
341236,yes,I never heard him sing.
341243,yes,Never have I seen her before.
341248,yes,The dream came true.
341272,yes,Who made this pie?
341284,yes,Who stole the apple?
341375,yes,It's no picnic.
341410,yes,We must develop the renewable energy sources.
341416,yes,Our country is running short of energy resources.
341532,yes,"Your brother got married, didn't he?"
341535,yes,George married my sister.
341539,yes,His sister looks young.
341567,yes,The boy feared the dark.
341581,yes,She is married to a foreigner.
341587,yes,How much did the glasses cost?
341594,yes,What've you done with my glasses?
341617,yes,I'll ring you tonight.
341661,yes,We must look at the problem from a global point of view.
341668,no,
341683,yes,I prefer coffee to tea.
341700,yes,Where can I get a telephone card?
341715,yes,English has become an international language.
341891,yes,She turned off the light.
341962,yes,Someone has left a bag on the bench.
341963,yes,He'll come if you call him.
341990,yes,The accident almost cost him his life.
341995,no,
342029,yes,Thank you for the gift.
342030,yes,We may as well set to work at once.
342081,yes,Mr Ou has come to Japan to study Japanese.
342117,yes,I can no longer stand the cold.
342125,yes,This is a matter of the utmost importance.
342300,yes,He gave a detailed description of the accident.
342522,no,
342533,yes,"He used to smoke, but he's stopped now."
342560,yes,I've heard quite a lot about you.
342586,yes,I ate a hot dog for lunch.
342622,no,
342624,yes,I was surprised and became sad.
342639,yes,Can I ask some questions?
342652,yes,I cannot stand this noise.
342798,yes,He bought me a new dictionary.
342820,yes,I've asked Ken to help me.
342987,yes,The dog looks hungry.
343042,yes,He went to America last week.
343050,yes,She attempted suicide.
343060,yes,He'll help you if you ask.
343083,yes,She went to the museum by taxi.
343090,yes,I found the book by chance.
343488,yes,It stopped snowing an hour ago.
343554,yes,Do you have anything non-alcoholic?
343608,no,
343615,yes,My feet are cold.
344,yes,"I'm sorry, I can't stay long."
344276,yes,How did the car accident come about?
344327,yes,My daughter is but a child.
344352,yes,"Sorry, I've got to go."
344362,yes,He is stronger than ever.
344441,yes,I have no time to write to her.
344459,yes,I'll wait for you in my room.
344484,yes,Have you ever seen a panda?
344494,yes,I'd rather walk than take a bus.
344522,yes,I've got homework to do.
344530,yes,She taught me how to swim.
344535,yes,I tried to get good marks.
344537,yes,"He's a good violinist, is this not true?"
344559,no,
344572,yes,Are you going anywhere this summer?
344595,yes,He took an important decision.
344635,yes,I wrote a letter to Jim.
344642,yes,Let's stop and have a rest.
344645,yes,He thinks that blue is the most beautiful colour.
344647,yes,The Japanese government made an important decision.
344656,yes,He is known to the entire country.
344678,yes,He asked me for help.
344697,yes,I'll pick you up at your home at five.
344701,yes,She is married to an American.
344926,yes,He gave the child a toy.
344930,yes,Do you agree to our proposal?
345009,yes,I did what I could.
345024,yes,"Um, is the room quiet?"
345043,yes,This towel feels rough.
345047,yes,The dress in the window caught my eye.
345250,yes,A fork fell off the table.
345259,yes,He listened closely to the speaker.
345556,yes,He married a rich girl.
346955,yes,"Yes, I think that's OK."
346973,yes,I forget his name.
3471923,yes,I wonder if anyone wants to do my homework for me?
347916,yes,I feel cheerful.
347942,yes,She said that herself.
347951,yes,We're very grateful for your hospitality.
347962,yes,She can play the piano well.
347987,yes,He introduced me to his relatives at the reception.
347993,yes,That's why I was late.
348135,yes,"I want to speak to Mr. Sato, please."
348141,yes,I spent all morning writing letters.
348145,no,
348417,yes,He got up earlier than usual this morning.
348422,yes,This is where the accident happened.
348434,yes,Meg is preparing breakfast.
3484445,no,
348855,yes,She is afraid of her own shadow.
349778,yes,The computers are selling like hot cakes.
349806,no,
349809,no,
349825,yes,She came home very late.
349827,yes,Have you read Gulliver's Travels?
349849,yes,She abandoned her children.
349850,yes,She explained her ideas with images.
349865,yes,"As a child, he went to Paris three times."
349893,yes,I like weak coffee better than strong.
349901,no,
349967,yes,He can swim very fast.
350011,yes,My mother is not always at home.
350013,yes,The men went hunting for lions.
350180,yes,The dog looked at his master with anxiety.
350195,yes,It's easy to add 5 to 10.
3503054,no,
350677,yes,I haven't had lunch.
350678,yes,I haven't eaten lunch yet.
350897,yes,The picture looks better at a distance.
350965,no,
350969,no,
351091,yes,He arrives in Kyoto tomorrow.
351098,yes,He's afraid of dogs.
351575,yes,I asked Mother to wake me up at four.
351585,no,
351607,yes,He's afraid of making mistakes.
351628,yes,My mother can't come.
351683,yes,She changed her name to Anne.
351698,yes,He didn't say a word.
351772,yes,She is far from beautiful.
351787,yes,I left my brolly on a bus.
351805,yes,When's the party?
352022,yes,He left his brolly on the bus.
352027,yes,Why did you come to Japan?
352097,yes,You can't please everyone.
352099,yes,That's why he did it.
352280,yes,I'm sorry to hear it.
352523,yes,She cried all night.
352550,yes,He found a ball in the garden.
352551,yes,"""Do you like snakes?"" ""Of course not."""
352580,yes,I'm going downtown.
352782,yes,You can't buy happiness.
352783,yes,Can your brother drive?
352790,yes,I was a little surprised.
352802,yes,Bob can also drive.
352803,yes,I want to sleep a little more.
353003,yes,He made me sing.
353005,yes,I took a walk.
353009,yes,You made an error.
353010,yes,Tom hurt himself.
353035,yes,Do you know where your father went?
353061,yes,Have you ever seen a UFO?
353088,yes,I'm annoyed at his selfishness.
353094,yes,She turned down his invitation.
353110,yes,I forget his name.
353250,yes,This novel is interesting enough.
353274,yes,Time is up. Hand in your papers.
353306,yes,He's playing in his room.
353311,yes,Her voice is very nice.
353317,yes,Money has changed his life.
353601,yes,She is as beautiful as her mother.
353682,yes,All but Jim came.
353694,yes,Learning a foreign language is interesting.
353705,yes,Deaf people can talk in sign language.
353706,yes,Deaf people can talk in sign language.
353751,yes,See you tomorrow at school.
353785,yes,I can only speak for myself.
353798,yes,I'll ring you later.
353831,yes,She was surprised that it was that late.
353839,yes,The food supplies will not hold out till then.
354514,yes,I can swim very fast.
354524,yes,How much were those glasses?
354525,yes,Most girls think they're pretty.
354810,yes,His name is known throughout this country.
355043,no,
355167,yes,Her story can't be true.
3553239,yes,"I'm fine, thanks!"
355956,yes,We think we are over the worst.
355958,yes,There's no way to find his house.
356270,yes,In winter I wear an overcoat.
356288,no,
356303,yes,It's pretty cold today.
356338,yes,I can wait no longer.
356530,yes,I have done everything I could do.
356569,yes,I tried again and again.
356578,yes,I'll return at 6:30.
356587,yes,He is married with two children.
356620,yes,They were fooling themselves.
356638,yes,Thanks a lot for your help.
356647,yes,I'm too busy to help her.
356648,yes,I'm too busy to help him.
356667,yes,But I wasn't afraid.
357132,yes,"""Who helped you?"" ""Tom did."""
357458,yes,Carol often watches horror movies.
357462,yes,He often thinks with his eyes shut.
357482,yes,Cecil lit a candle.
357798,yes,I waited for ten minutes.
357804,yes,My watch is ten minutes fast.
358212,yes,Do you know where she is?
358220,yes,Where can I buy tickets to the theatre?
358240,yes,He did not accept their invitation.
358247,yes,Their house is far from the station.
358304,yes,Have a look at the world map.
358369,yes,Call me this evening.
358370,yes,Call me this evening.
358386,no,
358394,no,
358395,no,
358417,yes,I just finished reading the book.
358609,yes,Tony can play tennis very well.
358611,yes,Tom can't swim yet.
358621,yes,John can't play the guitar.
359023,yes,I sleep in my room.
359026,yes,I'll call back in twenty minutes.
359030,no,
359055,yes,He comes here almost every day.
359059,yes,He comes here once a month.
359061,yes,He comes to see me nearly every day.
359070,yes,Where did you see Nancy?
359533,yes,I must learn this poem by heart.
359544,yes,I need to get my bicycle repaired.
359550,no,
359551,no,
359559,no,
359562,yes,I must finish my homework before dinner.
359649,yes,I've just finished my homework.
359673,yes,I've read that book several times.
359674,yes,Have you read this book yet?
359676,yes,She read a cookbook last night.
360,yes,And nobody helped you?
360332,yes,Did you find your contact lenses?
360533,yes,"Andersen was afraid of dogs, too."
360561,yes,My mother is on a diet.
360598,yes,There is a lot of furniture in his room.
360621,yes,He is familiar with computers.
360637,yes,Our uncle bought us movie tickets.
360646,yes,I have been to Canada.
360715,yes,She spends a lot of money on clothes.
360723,yes,I've already written a letter.
360750,yes,I want to buy a new bike.
360779,yes,I want to know more about your country.
360780,yes,I want to know more about your country.
360794,yes,Please put on your shoes.
360830,yes,Have you ever heard of him?
360900,no,
360904,yes,I found it lying on the bed.
360905,yes,He found a nice apartment for Mary.
360936,yes,I can't bear that fellow.
360982,yes,My father must do the work.
360997,no,
361014,yes,Where did you buy this book?
361016,yes,John can't speak French well.
361086,yes,I have two foreign friends.
361105,yes,He is busy preparing for the entrance examination.
361126,yes,This is a story about a cat.
361355,yes,None were listening to the speaker.
361377,yes,He did the work to the best of his ability.
361382,yes,Where did you go yesterday?
361414,yes,I bought two pairs of trousers.
361417,yes,"No, it cannot be true."
361439,yes,I cannot bear it any longer.
361442,yes,It is definite that he will go to America.
361462,yes,Please take a look at this picture.
361468,yes,Somebody has stolen my suitcase.
361486,yes,We must finish our homework first.
361555,yes,We must not speak in the library.
361599,yes,I went there dozens of times.
361609,yes,Who taught them table manners?
361839,yes,I've already done my work.
361962,yes,There is a river beside the house.
362114,yes,Let's get a taxi.
362162,yes,Mr. Sato asked me many questions about the election.
362210,yes,I waited more than two hours.
362245,yes,You look at that tree.
362285,yes,I get up at six in the morning.
362322,yes,I can't stand the noise.
362601,yes,Bill turned on the television.
362636,yes,Cherry blossom is very beautiful.
362642,yes,It's awfully cold today.
362672,yes,I have no time to read.
362709,yes,She looks on him as her master.
362722,yes,I would like to do something else today.
362809,yes,What's that building?
363272,yes,Our troops attacked the enemy.
363277,yes,You must make your parents happy.
363307,yes,My mother is seriously ill.
363312,yes,"In case of an emergency, phone me at this number."
363360,yes,Most Swiss people can speak three or four languages.
363376,yes,Most people like watching TV.
363393,yes,He built the house for himself.
363406,yes,I can't afford a new car.
363907,yes,This is a beautiful flower.
363918,yes,She did not agree to the proposal.
363950,yes,I like to do a few exercises to loosen up before I run.
363963,yes,I have no time to engage in gossip.
364181,yes,Look at those black clouds.
364394,no,
364431,yes,No one in his class is faster than he is.
364443,yes,Did you go to the art exhibition?
364460,yes,That song is very popular with young people.
364480,yes,She spends a lot of money on shoes.
364960,yes,He's stronger than you.
364968,yes,He has been like a father to me.
364970,yes,Can I ask you a question?
365037,yes,It's a beautiful job.
365236,yes,There is a direct flight from Tokyo to London.
365355,yes,I am not as busy as Yoshio.
365559,yes,He is very good at playing violin.
365588,yes,This rule allows no exception.
365619,yes,I usually get up at eight.
365635,yes,Put the matches out of reach of children.
365714,yes,I doubt that'll work.
365801,yes,How do you pronounce your last name?
365870,yes,"The day before yesterday, we arrived in Osaka."
365871,yes,The fire spread throughout the house.
365939,yes,He gets upset quickly.
365945,yes,Can I ask you a question?
365949,yes,I talked to her on the phone.
366348,yes,How does the paper feel?
366401,yes,The post office is half a mile away.
366445,yes,This flower is very beautiful.
366449,yes,He said that he'd be back soon.
366498,yes,I think I've forgotten my wallet.
367028,yes,Sorry to be late.
367142,yes,The price depends on the size.
367316,yes,She was there in the morning.
367317,yes,There is a library in our city.
367339,yes,She may not have finished her homework.
367385,yes,When does he get back from his trip?
367452,yes,We were arriving in Chicago at 9:00 p.m.
367463,yes,"After two years, I returned to my home village."
367481,yes,I'll never lose hope.
367511,yes,It is impossible to live without water.
367562,yes,"Hello. May I speak to Mr Johnson, please?"
367563,yes,I am not going anywhere on Sunday.
367890,yes,"I knocked on the door, but nobody answered."
368057,yes,She turned down my request.
368204,yes,Did anybody other than Jim see her?
368290,yes,Let me buy you a drink.
368325,no,
368328,yes,Who taught you how to dance?
368336,yes,I don't like any of these records.
368368,yes,Why did you go to Tokyo?
368376,yes,Please fill in this form.
368541,no,
368542,no,
368556,yes,Jeff thinks he will never fall in love.
368686,no,
368689,yes,The bird spread its wings.
368711,yes,I agree with you absolutely.
368740,yes,I can't put up with his insolence.
369143,yes,The Conservative Party won the election in 1992.
369165,yes,That's not a bad idea.
369168,yes,How did you like the party?
369196,yes,"In my opinion, he's right."
369278,yes,We don't accept tips.
369638,yes,The entire crew takes pride in its work.
369747,no,
369788,yes,We are sick and tired of political corruption.
369816,yes,That's what I said all along.
369826,yes,My e-mail address has been changed.
369874,yes,Alright! Listen up and listen well!
369878,yes,You must make much of time.
369884,yes,The storm stopped the train.
369922,yes,I see him once in a while.
369923,yes,Are these gestures used in the USA?
370035,yes,He usually gets up at six.
370118,yes,What did you do with my pants?
370145,no,
370151,no,
370171,no,
370254,no,
370281,yes,Do you want some more tea?
370386,no,
370444,yes,I must get my watch repaired.
370467,yes,You might've heard of it.
370492,yes,There's a hut under the bridge.
370510,yes,I don't know what to think.
370784,yes,The sun always rises in the east.
370789,yes,Have you ever heard him sing?
370801,yes,We should probably postpone the competition.
370903,yes,"If you invite him, he may come."
370907,yes,I want to see the manager.
3709635,no,
371130,yes,We don't have to hurry.
372228,no,
372281,no,
372332,no,
372608,yes,It is by no means an easy job.
372777,no,
372899,yes,You look very charming today.
372920,no,
372943,yes,There is a marked difference between them.
372960,no,
373090,yes,Please get dressed.
373127,yes,It is anything but big.
374,yes,It's a pity when somebody dies.
374098,yes,He's too fat to run fast.
374170,yes,"Luckily, he found a good seat."
374564,yes,When did you buy the watch?
375411,yes,"Look at this picture, please."
375412,no,
378534,yes,These flowers bloom earlier than others do.
379080,no,
380149,yes,I found the empty tin.
380786,yes,I talked with her for an hour.
380790,yes,His writing is impossible to read.
380836,yes,I went into the air force.
381123,no,
381394,yes,What is it?
383114,yes,When does the next train leave?
383940,yes,I want to speak about my love.
384222,no,
384242,yes,It's my first time travelling.
385561,yes,I was here all the time.
386990,yes,Fill out the form below.
387985,yes,I wish you good luck.
388203,no,
389129,yes,Have you come with your family?
391515,yes,I don't like sad movies.
3925095,yes,I haven't seen Tom today.
392558,no,
392850,yes,You look very pale.
392853,no,
393445,yes,"Take off your socks, please."
3940861,yes,Tom will keep you posted.
394189,no,
394218,yes,"Mike, how's it going?"
394256,no,
394482,no,
394559,no,
394833,no,
395287,yes,I'm tired; I think I'm going to go to bed.
395426,no,
395431,no,
396243,yes,I've seen Mt. Fuji.
396385,no,
396404,no,
396544,yes,"And you, how are you?"
396683,yes,You must follow the rules.
396857,yes,Tom arrived last.
396921,yes,Kyoto depends on the tourist industry.
397534,yes,A bus driver is responsible for the safety of the passengers.
397781,no,
397794,yes,Where can I buy a ticket?
397923,yes,I partly agree with you.
397940,no,
397999,yes,We've run short of oil.
398,yes,May I ask a question?
3982832,yes,That can wait until later.
398612,no,
398658,yes,This bracelet is more expensive than that one.
398659,yes,I doubt if Bob will come on time.
398893,no,
399451,no,
399493,no,
399564,yes,My wife is preparing dinner right now.
399723,yes,Our city is free from air pollution.
399728,yes,Air pollution is a big problem in this country.
399753,yes,Where can I get my baggage?
399764,no,
399772,yes,We have to water the flowers.
399790,no,
399891,yes,Bob is popular at school.
400008,yes,She gets up at 6 o'clock every morning.
400122,yes,I'll buy you a drink.
400628,no,
401098,no,
402013,yes,I'll be back by six o'clock.
402371,yes,Sorry for not replying sooner.
402375,yes,Jack may have taken my umbrella by mistake.
402526,no,
402535,no,
403064,yes,"Yes, I understand. Thank you."
403392,yes,Do you have something to say?
403394,yes,He listened to music in his room.
403647,no,
403851,yes,Hello. Is Mr Freeman there?
404131,no,
404146,no,
404153,yes,She loves Tom more than I do.
404221,yes,I bade good night to her.
404316,no,
404402,yes,Mary spends a lot of money on clothes.
404622,yes,I'm busy looking for an apartment.
404641,no,
404650,yes,We have a little time before the next train.
404667,yes,Grandmother looks after the children during the day.
404683,yes,"""Is his story true?"" ""I'm afraid not."""
404689,yes,"Good morning, said Tom, smiling."
404746,yes,Yumi is leaving for Osaka the day after tomorrow.
404910,yes,There's a fountain in front of the station.
406346,yes,I'm sure you'll like it.
406383,yes,I cannot understand it.
406413,yes,Were they in the library yesterday?
406642,yes,Work pace is left up to the individual employee.
406724,yes,There is no clock in my room.
406774,yes,How are you today?
406826,yes,He has lost his job.
406848,yes,She has a lot of work to do.
406862,yes,"At last, we got to the lake."
406972,yes,He's at home in France.
407680,yes,He was busy copying his friend's notebook.
407704,no,
407766,yes,He ran faster than his brother did.
408182,yes,Please address your mail clearly and correctly.
408524,yes,I'm sure that he'll come.
408757,yes,I gave each child three pieces of candy.
408784,yes,I get up at six almost every day.
409093,yes,He can write with either hand.
409130,yes,I hope you'll ring again.
409898,yes,We must abide by the rules of the game.
410992,yes,I feel sorry for her.
411080,yes,Has Paula been revising for her exam today?
411746,yes,You will have to apologize when you see him.
412186,yes,My grandfather gets up early.
412303,yes,Gold's heavier than iron.
412304,yes,Gold is far heavier than water.
412313,yes,I asked for a seat in the no-smoking section.
412788,yes,The snail shot out its horns.
413548,yes,I dare say there'll be taxis at the station.
413746,no,
413747,yes,Good luck in your exam.
414297,yes,I got what she was saying.
414499,yes,He leaves for New York next week.
414505,yes,He did not consent to his daughter's marriage.
415194,yes,We have a black and white dog.
416333,yes,You can keep this tape until tomorrow.
416671,yes,He arrived too early.
417584,yes,He is as busy as ever.
417591,yes,"She greeted me with ""Good morning."""
418465,no,
418865,yes,Is that a cat or a dog?
418983,yes,Are you sure you haven't forgotten anything?
419011,yes,You're responsible for what you do.
419103,yes,I like to eat hot soup.
419123,yes,How do you pronounce her name?
422363,yes,Did you like the movie?
423258,no,
423685,yes,The book is very small.
423832,yes,He took the wrong train by mistake.
424257,no,
424260,no,
4259909,yes,Tom is the only one still in the classroom.
426290,no,
426307,yes,"Mummy, where's my hanky?"
426460,yes,I gave her a few books.
426784,yes,I can't find the knife.
427269,yes,I can't do two things at once.
427492,yes,I'll take in the washing before it rains.
427529,yes,Hardly anyone thinks that we are sisters.
428931,yes,This book is very interesting.
431,yes,Paris is the most beautiful city in the world.
431166,yes,How many books did you read?
432630,yes,"Fill it in, please."
432654,yes,She advanced her watch ten minutes.
432972,no,
433318,no,
435512,no,
435707,yes,I have no idea where she lives.
436056,yes,The teacher is busy marking papers.
437458,no,
437482,yes,Can you help me wash these dishes?
437807,yes,"A party will be held next Saturday, that is to say, on August 25th."
438819,yes,When will we reach the airport?
439329,yes,She knows much about recent fashions.
439389,yes,They're attracted to each other.
439395,yes,His music is sweeping the whole country.
439605,yes,I'm waiting for my mother.
439678,yes,We have less snow than usual.
439701,yes,He did what he promised to do.
439895,yes,I can't understand his feeling.
441167,yes,My brother didn't like her from the start.
441432,yes,I've done questionable things.
441707,yes,The train came to a smooth stop.
441711,yes,This cloth feels smooth.
442191,no,
442650,yes,He took it very badly.
443875,no,
443952,yes,I'll help you as much as I can.
444005,yes,I wouldn't dream of it.
444394,no,
444469,yes,When does the train go?
444481,yes,Good evening. How are you?
444746,no,
445053,no,
445216,no,
446,yes,You found me where no one else was looking.
446049,yes,I doubt that she loves you.
446187,yes,I think this is all right.
448635,yes,We must help each other.
448668,yes,I have been to the U.S. twice.
449994,yes,Where was it that you found this key?
450008,yes,He ate a box of chocolates.
450048,yes,"In my opinion, he's right."
450127,yes,Tom went to the city by bus.
450263,yes,After lunch we have two more classes.
450537,yes,They forced me to sing a song.
451355,no,
452421,yes,He looked at me in surprise.
453074,yes,He can neither read nor write.
453988,yes,Call me tomorrow.
454121,yes,I can't sleep at night.
454204,yes,Ken must be home by now.
454295,yes,Can you help me with the washing up?
454445,yes,That's how I imagine it.
454808,yes,The mayoral election happens every four years.
455198,yes,This book is really old!
455266,yes,I'm sure that this is a fresh water fish.
455344,yes,He can't stay long.
455345,yes,He stayed in London for a long time.
455658,no,
457203,no,
460094,yes,Our plans for the summer are taking shape.
460342,yes,Do you have a bowl for soup?
461423,yes,I waited for five hours.
461744,yes,I urinate more often than usual.
463697,yes,I love to play golf.
465552,yes,This is my mother. Her name is Beatrice.
465989,yes,That is my own affair.
4682978,yes,"Well, now you know."
4724310,yes,No wonder he was locked up.
4735750,no,
473969,no,
474552,yes,Do you have any in green?
475490,yes,That's not a cat. It's a dog.
475833,yes,Please write it down.
476107,yes,I can't find my bag.
477768,yes,Dad looked at Mom shyly.
477787,yes,That's why I didn't come yesterday.
477791,no,
479786,yes,Where can I have my watch repaired?
480354,yes,What shall I do with her letter?
481138,no,
481778,yes,We'll make an exception of your case.
481886,yes,I don't want to buy this kind of sofa.
483372,yes,"Doctor, my name is Mutaz."
483376,yes,I love going to the cinema.
484476,yes,A bus transported us from the airport to the city.
485340,yes,The girl looked so pale.
485466,yes,I'm afraid I must say goodbye.
486854,yes,They formed a new government.
488017,yes,Polish nails are more expensive than the Chinese ones.
491552,yes,He believes that the story is true.
493378,yes,They made love last night.
493558,yes,They adapted themselves to the change quickly.
494,yes,It's very hot today.
494824,yes,What do you want to tell me?
496,yes,I've never seen a red refrigerator.
4977692,no,
4977694,no,
4977695,no,
498143,yes,Your children look healthy.
503974,yes,It was very fun.
504386,yes,Why don't you listen to me?
504834,yes,Our army attacked the kingdom.
5075869,yes,"""Thanks very much for your help."" ""Pleasure."""
507869,no,
508539,yes,She is well versed in Spanish literature.
509,yes,How did you come up with this crazy idea?
509420,no,
509654,yes,The couple put their house on the market.
510958,no,
511880,yes,Whether you will succeed or not depends on your efforts.
516063,no,
516064,no,
516999,yes,I'll pick you up at your home.
517001,no,
518357,yes,I want to make love with you.
521356,yes,He absented himself from the meeting.
521562,yes,What did you do today?
526771,yes,He weighs ten more kilos than me.
531214,yes,I don't know if I'll have time.
531700,yes,Can you think of something better?
532575,yes,I've decided to continue studying.
535996,yes,"Good night, dream something nice!"
536606,yes,Invite us out to dinner in a restaurant.
537552,yes,He's not paying attention to the teacher.
540326,yes,Do you have a boyfriend?
540989,yes,What else do you have in your pocket?
545746,yes,Can I help you do something?
545773,yes,Don't let that dog come near me!
545827,yes,We must observe the rules.
547865,yes,I'm cold. May I close the window?
550201,yes,I had no idea that you were coming.
551562,yes,Just a little more patience.
551620,yes,The harbor is closed to navigation.
554542,yes,The bus stopped in front of the house.
554557,yes,I can hardly hear you.
556007,yes,Can I help you somehow?
560584,yes,He outweighs me by 10 kg.
560890,yes,"No, I don't know."
560964,yes,The alarm clock is ten minutes fast.
561069,yes,"""Here you are,"" the steward says."
561090,yes,Sorry that I'm calling so early.
562297,yes,I'm sorry I was so rude.
562298,yes,I'm sorry I was so rude.
564226,yes,I can't afford a car.
566038,yes,He set fire to his own house.
568451,yes,My father offered his services to a well-known trade company.
570139,no,
574644,yes,I wonder why karaoke is so popular.
575297,yes,I'm more beautiful than you.
575298,yes,I am prettier than you.
575299,yes,I'm more beautiful than you.
577517,yes,I didn't get along with her.
579529,no,
579720,no,
580520,yes,Don't touch this bottle ever again!
581347,yes,Mr Ikeda wants to buy a new car.
581439,yes,They have no idea what I intend to do.
581449,yes,This is a problem you have to solve by yourself.
582542,yes,What does the company produce?
582670,yes,She will have her own way.
584072,yes,Alain made a decision.
5855240,no,
5855921,no,
585829,no,
586058,yes,It is generally believed that he was innocent.
586301,no,
587356,yes,Can you make it on time?
587405,no,
589613,yes,I can't stay long today.
589971,yes,"Take care of yourself, and have a good time!"
590469,yes,"Today, everything went awry from the start."
590706,yes,Where did you learn Italian?
591,yes,I made my decision.
592,yes,I give you my word.
592268,yes,He didn't eat anything yesterday.
592929,yes,I don't know how to say it.
594417,yes,Mr Jordan woke up suddenly.
594486,yes,I can't give up smoking.
594544,yes,She agreed with my idea.
594626,yes,I don't want to get my hands dirty.
595626,yes,I wonder why tennis is played in mini-skirts.
596936,yes,But no man could help me.
598777,no,
599021,yes,I think this table takes up too much space.
5992220,no,
599333,no,
601460,yes,He is very friendly to us.
601843,yes,He's always looking at you.
602769,yes,The maths homework was easier than I expected.
602966,yes,He asked me to pass him the salt.
603500,no,
603501,no,
603667,yes,He comes here every three days.
604827,yes,My father grows rice.
604972,no,
605519,yes,He returned from Canada.
6061,yes,It snowed all night.
6062,yes,"Good evening, how are you?"
6065,yes,"Good morning, how are you?"
6079,yes,What have you been doing all this time!
608483,no,
608484,yes,Stop speaking right now.
6085,yes,Nara is a quiet and beautiful city.
608639,no,
609010,no,
609021,yes,You look very tired.
609220,yes,I'm waiting for his telephone call.
6095,yes,Who said that? It's totally wrong!
6107,yes,He told me he would go to Venice.
6108,yes,I don't agree with him.
611604,yes,When did you see the film?
611605,yes,When did you see the film?
612841,yes,It's very cold this winter.
613501,yes,Life is more hellish than hell itself.
613624,yes,He turned on the radio.
613661,yes,She is not here yet.
6157,yes,It happened a long time ago.
616946,no,
6187,no,
619978,yes,None of your business.
620,yes,I'm afraid to fall.
620671,no,
620916,yes,Tom didn't have dinner last night.
620922,yes,Did you have a good time yesterday?
621494,yes,"""What's the matter with you?"" she demanded."
622,yes,That's the absolute truth.
622195,yes,Sometimes they watch a movie together.
622709,yes,She left without saying goodbye.
622959,yes,When did you learn to swim?
623039,yes,It's not a pig; it's a monkey.
623472,yes,He took off his coat.
626251,yes,That doesn't affect me.
626270,no,
626752,no,
626753,yes,Did you leave the door open?
626757,no,
628949,yes,I don't blame you.
629,yes,You did this on purpose!
630,yes,You didn't tell him anything?
6320885,no,
632949,yes,He has seen much of the world.
633497,yes,This wall is taller than that one.
633662,yes,I am positive that he is wrong.
637442,yes,"She brought apples, oranges, and so on."
6376408,yes,The food supplies will not hold out till then.
637787,yes,The girl burst into tears.
638293,yes,I don't like long drives.
638617,yes,Our teacher will return from abroad in August.
639528,yes,You look very pale.
639934,yes,Then his mother thought.
641203,yes,We have to buy it from abroad.
641826,yes,Where has he learned Italian?
642451,yes,What did you open it with?
644,yes,Have you eaten a banana pie?
644212,yes,Yuko has never spoken with a foreigner.
644406,yes,This song sounds sad.
645127,yes,"For me, this is not a problem."
645128,no,
6462518,yes,"If anyone can do that, it's Tom."
646872,yes,I want to buy a Czech sweater.
648,yes,What made you change your mind?
651832,yes,Your plan sounds great.
654559,yes,They adopted the little girl.
656442,yes,He told us to keep quiet.
656960,yes,Tom is eager to buy a new car.
656998,yes,I prefer a hotel by the airport.
657336,yes,I noticed that she was wearing new glasses.
657981,no,
658197,yes,She woke up on her own.
659787,yes,Hey! What's up Doc?
661389,yes,He spends all his time extolling her virtues.
662175,yes,That's enough for today. I'm tired.
662716,yes,Did you study by yourself?
663192,yes,Are they coming at six or at seven?
664044,yes,I can't sleep at all.
664162,yes,She's getting breakfast ready.
664531,yes,What's with you?
664939,yes,You don't need to worry about it.
665664,yes,I've decided that we won't go.
667398,yes,He will be at home tomorrow.
668082,no,
6681637,no,
669771,yes,Tom returned to his home town.
673574,yes,What shall I do with his luggage?
675452,yes,You must keep to the rules.
675569,yes,Advertising makes up about 7% of this company's expenses.
676973,no,
677029,yes,Have you checked the engine?
677667,yes,This does not concern you at all.
678653,yes,We have run short of food.
679893,yes,Where did you see the woman?
682,yes,Every opinion is a mixture of truth and mistakes.
682576,yes,"In the United States, school buses are yellow."
682619,yes,I was wounded by her comments.
682698,yes,My mother makes the best cakes in the world.
682853,yes,You made a wise decision.
682946,no,
684873,no,
6849805,yes,I told you to knock!
686,yes,"Tomorrow, I'm going to study at the library."
686235,no,
688,yes,I went to the zoo yesterday.
688535,yes,You're right. I'll go by taxi.
689,yes,We won the battle.
689085,yes,He is cleverer than I.
689416,yes,We regard the situation as serious.
689648,yes,Watch what you're doing!
693,yes,I read a book while eating.
693685,yes,Every morning he would go for a walk.
695591,yes,I want to talk to my lawyer straight away.
695972,yes,It's the third biggest city in Serbia.
697805,no,
697867,yes,Cut the talking and listen.
697871,yes,Cut the talking and listen.
697933,yes,It's no use crying over spilt milk.
697964,no,
699320,yes,He shut the door.
700,yes,Your glasses fell on the floor.
700306,yes,I'm lost. Could you please help me?
700812,yes,"Please excuse me, I have to leave."
701249,yes,I never go anywhere.
701756,no,
702,yes,We went to London last year.
703,yes,She doesn't want to talk about it.
703802,yes,What did you do today?
704688,no,
7054234,no,
706099,yes,My mum is making pasta salad.
707551,yes,You put far too much pepper in it.
710,yes,This is such a sad story.
710086,yes,He is absorbed in his work.
710087,yes,Let's begin at page 30.
710120,yes,Whoa! Where did that come from?
710662,no,
712279,no,
712576,yes,I am listening to his recital.
714343,yes,Good day. What do you want?
715930,no,
716205,no,
716301,yes,What time do we get to San Francisco?
718393,no,
720289,yes,I realized it only then.
721018,yes,She rarely goes out on Sundays.
721098,yes,They let me go.
723615,yes,I hope you'll get well soon.
724939,yes,Please take care of yourself.
725944,yes,I can't sleep well.
726055,yes,I'm tied up now. Could you make it later?
726478,yes,He gets on well with all his classmates.
728245,yes,The tree stands higher than the roof.
728265,yes,He said he was suffering from a bad headache.
729126,yes,That's not a grasshopper. It's a locust!
730660,yes,"Don't be so wild, Jack."
732283,yes,Say goodbye to your friends.
732662,yes,It's the best season of the year.
734539,yes,These apples look very fresh.
738209,no,
741671,no,
742236,yes,David can't be at home.
742641,no,
742808,no,
742950,yes,I felt left out.
7452694,yes,Tom was the only person punished.
746014,yes,Everywhere looks beautiful in the spring.
747753,yes,I will study English hard from now on.
7478041,yes,Mary told Tom that she thought John was asleep.
7478129,yes,Mary told Tom that she thought John was cold.
749638,yes,He discovered that he had made a mistake.
749725,yes,There is a little milk left in the bottle.
749741,no,
749851,yes,I can't stand him.
752152,yes,"Now that you are eighteen, you can get a driver's license."
752638,no,
754796,yes,My mother seldom watches TV at night.
755252,yes,I'm waiting for my friend.
755392,yes,You're afraid of him.
756040,yes,Mary was thinking about her question.
756077,yes,The factory produces thousands of bottles every month.
757094,yes,That company produces microchips.
757441,yes,Does it look cloudy today?
7574971,no,
759315,yes,We're going to see a foreign film tonight.
760626,yes,I don't think it'll rain tomorrow.
760644,yes,Don't be so sensitive to criticism.
761052,yes,She hasn't seen him for a long time.
761182,yes,This is how the incident happened.
762268,no,
764861,yes,The sky looks threatening.
766964,yes,I don't want to do his work for him.
767262,no,
767268,no,
768584,no,
769530,yes,The number of stars in the sky is infinite.
770060,no,
772675,yes,Music is considered food for the soul.
777468,yes,The sun is rising already.
778258,yes,"Take your clothes off, please."
778951,yes,And like that it's correct?
7790752,yes,I haven't thought about it at all.
7811580,yes,Can you update our software?
7811593,yes,Can you update our software?
782070,yes,It is easier than I thought.
782440,yes,I've got to do my homework now.
782528,yes,He likes to watch baseball games on TV.
783195,yes,Pause the game.
783240,yes,"Yes, that's my house."
783440,yes,He listened to my opinion.
784095,yes,I can't put up with these insults.
784130,yes,I felt light as a feather.
784166,yes,Does he watch television every day?
784188,yes,That cloud bodes rain.
787406,yes,You must put an end to your foolish behavior.
789092,yes,Will you please call me this evening?
789482,yes,It's no trouble at all.
789719,no,
789804,yes,He made us do the work.
7938686,no,
796551,yes,We're moving out of this apartment next month.
796716,yes,Don't call me so late at night.
796720,yes,She thinks that she's always right.
796756,yes,He is thinking about the problem.
797555,yes,I've thought about you a lot.
797870,yes,I would like you to introduce me to her.
808186,yes,Nobody was listening to the speech.
808296,yes,The door won't open.
808666,yes,I hope that you'll help me.
8098820,no,
810095,yes,He tried to knock at the door.
811261,yes,"You aren't afraid of ghosts, are you?"
812428,yes,Believe it. It's better like this.
812586,no,
814068,yes,I know my way around here.
814159,yes,I think I am cold.
814864,yes,We go out together every weekend.
815,yes,I was late to school.
815382,no,
817435,yes,She poured a cup of tea for me.
82,yes,"Happy birthday, Muiriel!"
821,yes,But you've never told me about this!
822564,yes,He hired some new workers.
823106,yes,You have made only a few spelling mistakes.
8237338,no,
8242406,yes,"Well, maybe I can help you."
825950,yes,I'll treat you to sushi.
826,yes,I went for a walk to get some air.
829160,yes,I like watching sunsets.
829172,yes,He extended his right arm.
829312,yes,I don't mind hot weather.
831328,yes,I'm sure I've seen him before.
838,yes,Did you say that I could never win?
840,yes,What happened? There's water all over the apartment.
841371,no,
842003,yes,That's Greek to me.
846838,yes,We must look into the matter at once.
8500816,yes,Tom said he hoped Mary was getting better.
850100,no,
850157,yes,The number of cars is increasing.
851203,yes,"Staying awake is good, but you should sleep at night."
852453,no,
852589,yes,She always dresses in black.
852645,no,
855,yes,I never said I was fragile.
860217,no,
860222,yes,She hasn't turned up yet.
860609,no,
863,yes,When are we eating? I'm hungry!
863738,yes,I wonder why he was absent.
868,yes,"How do you pronounce ""pronounce""?"
874,yes,I learnt a lot from you.
875997,yes,Look at this high mountain.
877,yes,She got sick this weekend.
882560,yes,I consider fruit to be the healthiest food.
884538,yes,She is still a girl.
884583,yes,The doctors won't operate a second time.
8916056,no,
898508,yes,The sun rises early in the morning.
901346,yes,Have you ever seen a kangaroo?
903409,yes,He's easily upset.
904,yes,What did you eat for lunch today?
904977,yes,Did you receive the letter?
906169,yes,She kicked him hard.
907727,yes,I don't think it works.
907735,yes,Mind your head.
909872,yes,She's smarter than him.
909907,yes,She visited him once a year.
910472,yes,He does not speak unless he is asked to.
910996,no,
911014,yes,She doesn't listen to him.
911676,yes,She spoke up for him.
911783,no,
911817,yes,I'm telling you – that's how it happened.
911831,yes,Korea allowed an inspection by the IAEA.
911967,yes,Is it a boy or a girl?
913816,yes,Is it a son or a daughter?
913857,yes,We're expecting a good harvest this year.
913979,no,
915691,yes,"No matter what you do, do your best."
917392,yes,I struck a match in the darkness.
921996,no,
923504,yes,What's your favorite war movie?
923505,no,
927093,yes,They found the stolen money.
927199,no,
927587,no,
927809,no,
927959,yes,I stretched out my hand for the book.
928451,yes,I can't explain it either.
93,yes,I don't know if I have the time.
930792,yes,He can't stand carrots.
931702,yes,I don't accept your excuse.
932570,no,
932798,yes,I wish you the best.
935931,yes,I don't like the look of it.
936197,yes,Return the book as soon as possible.
936374,yes,My father usually watches TV after dinner.
936433,yes,My wife is preparing dinner right now.
936470,no,
937292,yes,She poured brandy into the glasses.
938517,no,
940548,no,
942923,no,
942950,no,
942966,no,
943175,no,
943204,yes,Who was the last to reach the goal?
945189,yes,May I ask you some questions?
95,yes,Everyone must learn on their own in the end.
952375,no,
952383,yes,The contract will expire soon.
952386,yes,He hired a new secretary.
952393,no,
955089,yes,Are you afraid of the dark?
955275,yes,Sometimes it's better to say nothing.
955659,no,
957690,no,
964234,no,
967,yes,What?! You ate my chocolate bear?!
969160,no,
975558,yes,The meeting ended earlier than usual.
975680,yes,Don't even think about it!
976022,yes,Where did you see the boy?
977157,yes,He was busy when I rang him.
978165,yes,He leaves for Tokyo tomorrow.
979447,yes,Your dog was born this year.
988947,yes,It's still light out.
989112,yes,It's late. I have to go.
